Target,RA,DEC,Mag,ExpTime,Number,Remarks,Position
Fomalhaut,22:57:39.0462,-29:37:20.053,,900,3,,ew
Diphda,0:43:35.3709,-17:59:11.782,,900,4,,ew
Achernar,1:37:42.8454,-57:14:12.31,,900,2,,e
Beta Gruis,22:42:40.0502,-46:53:04.475,,900,3,,e
Rigel,5:14:32.2721,-8:12:05.898,,900,2,,ew
Ankaa,0:26:17.0514,-42:18:21.553,,900,2,,e
Sirius,6:45:08.9172,-16:42:58.017,,900,2,,ew
NGC104,0:24:05.359,-72:04:53.2,,900,3,,e
Hadar,14:03:49.4053,-60:22:22.926,,900,2,,w
alp Cru,12:26:35.8952,-63:05:56.734,,900,1,,w
Regulus,10:08:22.3109,11:58:01.951,,900,2,,ew
